participant,Mean IBI (s),SDNN (s),RMSSD (s),pNN50 (%)
1,0.6375979591836736,0.20882449372501444,0.2316927860624974,41.83673469387755
2,0.5094887096774193,0.04138618323608976,0.007474063554470238,0.0
