participant,Mean IBI (s),SDNN (s),RMSSD (s),pNN50 (%)
21,0.7527962025316456,0.31670798850925636,0.29946248127654934,58.22784810126582
23,0.5305303571428571,0.05255666642383954,0.024448736587413433,3.571428571428571
31,0.6525510416666666,0.36239707015544215,0.48718992503194497,32.29166666666667
33,0.9601984375,0.27425469828028215,0.21422710468321313,70.3125
39,0.7717267441860465,0.8868926531651039,1.1998982981412853,74.4186046511628
45,0.709146511627907,0.3422496938683036,0.44452990834336975,48.837209302325576
