participant,Mean IBI (s),SDNN (s),RMSSD (s),pNN50 (%)
30,0.8721294117647059,0.09426278359056765,0.07224971724367513,41.17647058823529
34,0.5823441176470588,0.5245414250400487,0.5786237037955322,57.84313725490197
36,0.4820306451612903,0.2253322901768808,0.34992811340737645,87.09677419354838
40,0.5258508771929824,0.20289930103102807,0.26008632161316314,71.05263157894737
44,0.713029268292683,0.2677584352194564,0.2777911790100657,76.82926829268293
